{
  "variants": {
    "age=0": {
      "model": "magforest:block/karambola_stage0"
    },
    "age=1": {
      "model": "magforest:block/karambola_stage1"
    },
    "age=2": {
      "model": "magforest:block/karambola_stage2"
    },
    "age=3": {
      "model": "magforest:block/karambola_stage3"
    },
    "age=4": {
      "model": "magforest:block/karambola_stage4"
    },
    "age=5": {
      "model": "magforest:block/karambola_stage5"
    },
    "age=6": {
      "model": "magforest:block/karambola_stage6"
    },
    "age=7": {
      "model": "magforest:block/karambola_stage7"
    }
  }
}