{
  "variants": {
    "age=0": {
      "model": "magforest:block/warped_wart_stage0"
    },
    "age=1": {
      "model": "magforest:block/warped_wart_stage1"
    },
    "age=2": {
      "model": "magforest:block/warped_wart_stage2"
    },
    "age=3": {
      "model": "magforest:block/warped_wart_stage3"
    },
    "age=4": {
      "model": "magforest:block/warped_wart_stage4"
    },
    "age=5": {
      "model": "magforest:block/warped_wart_stage5"
    },
    "age=6": {
      "model": "magforest:block/warped_wart_stage6"
    },
    "age=7": {
      "model": "magforest:block/warped_wart_stage7"
    }
  }
}