{
  "type": "minecraft:crafting_shapeless",
  "group": "netherite_ingot",
  "ingredients": [
    {
      "item": "minecraft:netherite_scrap"
    },
    {
      "item": "minecraft:netherite_scrap"
    },
    {
      "item": "minecraft:netherite_scrap"
    },
    {
      "item": "minecraft:netherite_scrap"
    },
    {
      "item": "magforest:ruby"
    },
    {
      "item": "magforest:ruby"
    },
    {
      "item": "magforest:ruby"
    },
    {
      "item": "magforest:ruby"
    }
  ],
  "result": {
    "item": "magforest:rubynite_ingot"
  }
}