{
	"credit": "Made with Blockbench",
	"ambientocclusion": false,
	"textures": {
		"0": "magforest:block/dark_birch_planks",
		"1": "minecraft:block/iron_block",
		"particle": "magforest:block/dark_birch_planks"
	},
	"elements": [
		{
			"from": [7, 2, 8],
			"to": [8, 8, 9],
			"rotation": {"angle": 0, "axis": "y", "origin": [7, 2, 8]},
			"faces": {
				"north": {"uv": [0, 5, 1, 11], "texture": "#0"},
				"east": {"uv": [8, 0, 9, 6], "texture": "#0"},
				"south": {"uv": [0, 5, 1, 11], "texture": "#0"},
				"west": {"uv": [4, 2, 5, 8], "texture": "#0"},
				"up": {"uv": [0, 0, 1, 1], "texture": "#0"},
				"down": {"uv": [0, 0, 1, 1], "texture": "#0"}
			}
		},
		{
			"from": [6.75, 8, 7.75],
			"to": [8.25, 9, 9.25],
			"rotation": {"angle": 0, "axis": "y", "origin": [7, 8, 8]},
			"faces": {
				"north": {"uv": [6, 6, 7.5, 7], "texture": "#1"},
				"east": {"uv": [7, 6, 8.5, 7], "texture": "#1"},
				"south": {"uv": [8, 6, 9.5, 7], "texture": "#1"},
				"west": {"uv": [9, 6, 10.5, 7], "texture": "#1"},
				"up": {"uv": [14, 12, 15.5, 13.5], "texture": "#1"},
				"down": {"uv": [14, 12, 15.5, 13.5], "texture": "#1"}
			}
		},
		{
			"from": [6.75, 1, 7.75],
			"to": [8.25, 2, 9.25],
			"rotation": {"angle": 0, "axis": "y", "origin": [7, 1, 8]},
			"faces": {
				"north": {"uv": [8, 12, 9.5, 13], "texture": "#1"},
				"east": {"uv": [11, 12, 12.5, 13], "texture": "#1"},
				"south": {"uv": [10, 12, 11.5, 13], "texture": "#1"},
				"west": {"uv": [9, 12, 10.5, 13], "texture": "#1"},
				"up": {"uv": [14, 12, 15.5, 13.5], "texture": "#1"},
				"down": {"uv": [14, 12, 15.5, 13.5], "texture": "#1"}
			}
		}
	],
	"display": {
		"thirdperson_righthand": {
			"translation": [0, 4.5, 0]
		},
		"thirdperson_lefthand": {
			"translation": [0, 5.75, 1.25]
		},
		"firstperson_righthand": {
			"rotation": [-67, 10, -4],
			"translation": [-3.25, 5.5, 1.25]
		},
		"firstperson_lefthand": {
			"rotation": [-67, 10, 4],
			"translation": [-4.75, 5.5, 1.25]
		},
		"ground": {
			"translation": [0, 2.25, 0]
		},
		"gui": {
			"rotation": [33, 39, -60],
			"translation": [3, 3, 0],
			"scale": [1.5, 1.5, 1.5]
		},
		"fixed": {
			"translation": [0, 3.5, -1.25]
		}
	}
}