{
  "type": "minecraft:block",
  "pools": [
    {
      "rolls": 1,
      "entries": [
        {
          "type": "minecraft:alternatives",
          "children": [
            {
              "type": "minecraft:item",
              "name": "magforest:flame_cristal_ore",
              "conditions": [
                {
                  "condition": "minecraft:match_tool",
                  "predicate": {
                    "enchantments": [
                      {
                        "enchantment": "minecraft:silk_touch",
                        "levels": {
                          "min": 1
                        }
                      }
                    ]
                  }
                },
                {
                  "condition": "minecraft:match_tool",
                  "predicate": {
                    "item": "magforest:flame_cristal",
                    "count": {
                      "min": 1,
                      "max": 4
                    }
                  }
                }
              ]
            },
            {
              "type": "minecraft:item",
              "quality": 3,
              "name": "magforest:flame_cristal",
              "functions": [
                {
                  "function": "minecraft:apply_bonus",
                  "enchantment": "minecraft:fortune",
                  "formula": "minecraft:ore_drops"
                },
                {
                  "function": "minecraft:explosion_decay"
                }
              ]
            }
          ]
        }
      ]
    }
  ]
}
