{
  "parent": "minecraft:husbandry/plant_seed",
  "display": {
    "icon": {
      "item": "magforest:rubynite_hoe",
      "nbt": "{Damage:0}"
    },
    "title": {
      "translate": "advancements.husbandry.rubynite_hoe.title"
    },
    "description": {
      "translate": "advancements.husbandry.rubynite_hoe.description"
    },
    "frame": "challenge",
    "show_toast": true,
    "announce_to_chat": true,
    "hidden": false
  },
  "rewards": {
    "experience": 2000
  },
  "criteria": {
    "netherite_hoe": {
      "trigger": "minecraft:inventory_changed",
      "conditions": {
        "items": [
          {
            "item": "magforest:rubynite_hoe"
          }
        ]
      }
    }
  },
  "requirements": [
    [
      "netherite_hoe"
    ]
  ]
}