{
	"credit": "Made with Blockbench",
	"textures": {
		"1": "magforest:block/flame_cristal",
		"particle": "magforest:block/flame_cristal_particle"
	},
	"elements": [
		{
			"from": [7, 0, 7],
			"to": [8, 5, 8],
			"rotation": {"angle": 0, "axis": "y", "origin": [7, 0, 7]},
			"faces": {
				"north": {"uv": [0, 1, 1, 6], "texture": "#1"},
				"east": {"uv": [0, 0, 1, 5], "texture": "#1"},
				"south": {"uv": [0, 0, 1, 5], "texture": "#1"},
				"west": {"uv": [0, 0, 1, 5], "texture": "#1"},
				"up": {"uv": [0, 0, 1, 1], "texture": "#1"},
				"down": {"uv": [0, 0, 1, 1], "texture": "#1"}
			}
		},
		{
			"from": [7, 5, 7],
			"to": [8, 5.72, 7],
			"rotation": {"angle": 45, "axis": "x", "origin": [7, 5, 7]},
			"faces": {
				"north": {"uv": [0, 1, 1, 3], "texture": "#1"},
				"east": {"uv": [0, 0, 0, 0.72], "texture": "#1"},
				"south": {"uv": [0, 0, 1, 0.72], "texture": "#1"},
				"west": {"uv": [0, 0, 0, 0.72], "texture": "#1"},
				"up": {"uv": [0, 0, 1, 0], "texture": "#1"},
				"down": {"uv": [0, 0, 1, 0], "texture": "#1"}
			}
		},
		{
			"from": [7, 5, 8],
			"to": [8, 5.72, 8],
			"rotation": {"angle": -45, "axis": "x", "origin": [7, 5, 8]},
			"faces": {
				"north": {"uv": [0, 0, 1, 0.72], "texture": "#1"},
				"east": {"uv": [0, 0, 0, 0.72], "texture": "#1"},
				"south": {"uv": [0, 0, 1, 0.72], "texture": "#1"},
				"west": {"uv": [0, 0, 0, 0.72], "texture": "#1"},
				"up": {"uv": [0, 0, 1, 0], "texture": "#1"},
				"down": {"uv": [0, 0, 1, 0], "texture": "#1"}
			}
		},
		{
			"from": [7, 5, 7],
			"to": [7, 5.7, 7.7],
			"rotation": {"angle": 45, "axis": "x", "origin": [7, 5, 7]},
			"faces": {
				"north": {"uv": [0, 0, 0, 0.7], "texture": "#1"},
				"east": {"uv": [0, 0, 0.7, 0.7], "texture": "#1"},
				"south": {"uv": [0, 0, 0, 0.7], "texture": "#1"},
				"west": {"uv": [0, 0, 0.7, 0.7], "texture": "#1"},
				"up": {"uv": [0, 0, 0, 0.7], "texture": "#1"},
				"down": {"uv": [0, 0, 0, 0.7], "texture": "#1"}
			}
		},
		{
			"from": [8, 0, 6],
			"to": [9, 2, 7],
			"rotation": {"angle": 0, "axis": "x", "origin": [8, 0, 6]},
			"faces": {
				"north": {"uv": [0, 1, 1, 5], "texture": "#1"},
				"east": {"uv": [0, 0, 1, 2], "texture": "#1"},
				"south": {"uv": [0, 0, 1, 2], "texture": "#1"},
				"west": {"uv": [0, 0, 1, 5], "texture": "#1"},
				"up": {"uv": [0, 0, 1, 2], "texture": "#1"},
				"down": {"uv": [0, 0, 1, 1], "texture": "#1"}
			}
		},
		{
			"from": [8, 4, 8],
			"to": [8, 4.72, 9],
			"rotation": {"angle": -45, "axis": "z", "origin": [8, 4, 8]},
			"faces": {
				"north": {"uv": [0, 0, 0, 0.72], "texture": "#1"},
				"east": {"uv": [0, 0, 1, 0.72], "texture": "#1"},
				"south": {"uv": [0, 0, 0, 0.72], "texture": "#1"},
				"west": {"uv": [0, 0, 1, 0.72], "texture": "#1"},
				"up": {"uv": [0, 0, 0, 1], "texture": "#1"},
				"down": {"uv": [0, 0, 0, 1], "texture": "#1"}
			}
		},
		{
			"from": [9, 4, 8],
			"to": [9, 4.72, 9],
			"rotation": {"angle": 45, "axis": "z", "origin": [9, 4, 8]},
			"faces": {
				"north": {"uv": [0, 0, 0, 0.72], "texture": "#1"},
				"east": {"uv": [0, 1, 1, 1.72], "texture": "#1"},
				"south": {"uv": [0, 0, 0, 0.72], "texture": "#1"},
				"west": {"uv": [0, 0, 1, 0.72], "texture": "#1"},
				"up": {"uv": [0, 0, 0, 1], "texture": "#1"},
				"down": {"uv": [0, 0, 0, 1], "texture": "#1"}
			}
		},
		{
			"from": [8, 4, 9],
			"to": [8.7, 4.7, 9],
			"rotation": {"angle": -45, "axis": "z", "origin": [8, 4, 9]},
			"faces": {
				"north": {"uv": [0, 0, 0.7, 0.7], "texture": "#1"},
				"east": {"uv": [0, 0, 0, 0.7], "texture": "#1"},
				"south": {"uv": [0, 0, 0.7, 0.7], "texture": "#1"},
				"west": {"uv": [0, 0, 0, 0.7], "texture": "#1"},
				"up": {"uv": [0, 0, 0.7, 0], "texture": "#1"},
				"down": {"uv": [0, 0, 0.7, 0], "texture": "#1"}
			}
		},
		{
			"from": [9, 0, 6],
			"to": [10, 4, 7],
			"rotation": {"angle": 0, "axis": "y", "origin": [9, 0, 6]},
			"faces": {
				"north": {"uv": [0, 0, 1, 5], "texture": "#1"},
				"east": {"uv": [0, 0, 1, 6], "texture": "#1"},
				"south": {"uv": [0, 0, 1, 4], "texture": "#1"},
				"west": {"uv": [0, 0, 1, 4], "texture": "#1"},
				"up": {"uv": [0, 0, 1, 1], "texture": "#1"},
				"down": {"uv": [0, 1, 1, 2], "texture": "#1"}
			}
		},
		{
			"from": [9, 4, 6],
			"to": [9, 4.72, 7],
			"rotation": {"angle": -45, "axis": "z", "origin": [9, 4, 6]},
			"faces": {
				"north": {"uv": [0, 0, 0, 0.72], "texture": "#1"},
				"east": {"uv": [0, 0, 1, 0.72], "texture": "#1"},
				"south": {"uv": [0, 0, 0, 0.72], "texture": "#1"},
				"west": {"uv": [0, 1, 1, 3], "texture": "#1"},
				"up": {"uv": [0, 0, 0, 1], "texture": "#1"},
				"down": {"uv": [0, 0, 0, 1], "texture": "#1"}
			}
		},
		{
			"from": [10, 4, 6],
			"to": [10, 4.72, 7],
			"rotation": {"angle": 45, "axis": "z", "origin": [10, 4, 6]},
			"faces": {
				"north": {"uv": [0, 0, 0, 0.72], "texture": "#1"},
				"east": {"uv": [0, 0, 1, 0.72], "texture": "#1"},
				"south": {"uv": [0, 0, 0, 0.72], "texture": "#1"},
				"west": {"uv": [0, 0, 1, 0.72], "texture": "#1"},
				"up": {"uv": [0, 0, 0, 1], "texture": "#1"},
				"down": {"uv": [0, 0, 0, 1], "texture": "#1"}
			}
		},
		{
			"from": [9, 4, 6],
			"to": [9.7, 4.7, 6],
			"rotation": {"angle": -45, "axis": "z", "origin": [9, 4, 5]},
			"faces": {
				"north": {"uv": [0, 0, 0.7, 0.7], "texture": "#1"},
				"east": {"uv": [0, 0, 0, 0.7], "texture": "#1"},
				"south": {"uv": [0, 0, 0.7, 0.7], "texture": "#1"},
				"west": {"uv": [0, 0, 0, 0.7], "texture": "#1"},
				"up": {"uv": [0, 0, 0.7, 0], "texture": "#1"},
				"down": {"uv": [0, 0, 0.7, 0], "texture": "#1"}
			}
		},
		{
			"from": [9, 0, 7],
			"to": [10, 6, 8],
			"rotation": {"angle": 0, "axis": "y", "origin": [9, 0, 7]},
			"faces": {
				"north": {"uv": [0, 0, 1, 6], "texture": "#1"},
				"east": {"uv": [0, 0, 1, 6], "texture": "#1"},
				"south": {"uv": [0, 0, 1, 6], "texture": "#1"},
				"west": {"uv": [0, 0, 1, 6], "texture": "#1"},
				"up": {"uv": [0, 0, 1, 1], "texture": "#1"},
				"down": {"uv": [0, 1, 1, 2], "texture": "#1"}
			}
		},
		{
			"from": [9, 6, 7],
			"to": [10, 6.72, 7],
			"rotation": {"angle": 45, "axis": "x", "origin": [9, 6, 7]},
			"faces": {
				"north": {"uv": [0, 0, 1, 0.72], "texture": "#1"},
				"east": {"uv": [0, 0, 0, 0.72], "texture": "#1"},
				"south": {"uv": [0, 0, 1, 0.72], "texture": "#1"},
				"west": {"uv": [0, 0, 0, 0.72], "texture": "#1"},
				"up": {"uv": [0, 0, 1, 0], "texture": "#1"},
				"down": {"uv": [0, 0, 1, 0], "texture": "#1"}
			}
		},
		{
			"from": [9, 6, 8],
			"to": [10, 6.72, 8],
			"rotation": {"angle": -45, "axis": "x", "origin": [9, 6, 8]},
			"faces": {
				"north": {"uv": [0, 0, 1, 0.72], "texture": "#1"},
				"east": {"uv": [0, 0, 0, 0.72], "texture": "#1"},
				"south": {"uv": [0, 1, 1, 1.72], "texture": "#1"},
				"west": {"uv": [0, 0, 0, 0.72], "texture": "#1"},
				"up": {"uv": [0, 0, 1, 0], "texture": "#1"},
				"down": {"uv": [0, 0, 1, 0], "texture": "#1"}
			}
		},
		{
			"from": [10, 6, 7],
			"to": [10, 6.7, 7.7],
			"rotation": {"angle": 45, "axis": "x", "origin": [10, 6, 7]},
			"faces": {
				"north": {"uv": [0, 0, 0, 0.7], "texture": "#1"},
				"east": {"uv": [0, 0, 0.7, 0.7], "texture": "#1"},
				"south": {"uv": [0, 0, 0, 0.7], "texture": "#1"},
				"west": {"uv": [0, 0, 0.7, 0.7], "texture": "#1"},
				"up": {"uv": [0, 0, 0, 0.7], "texture": "#1"},
				"down": {"uv": [0, 0, 0, 0.7], "texture": "#1"}
			}
		},
		{
			"from": [9, 0, 8],
			"to": [10, 2, 9],
			"rotation": {"angle": 0, "axis": "x", "origin": [9, 0, 8]},
			"faces": {
				"north": {"uv": [0, 0, 1, 2], "texture": "#1"},
				"east": {"uv": [0, 1, 1, 3], "texture": "#1"},
				"south": {"uv": [0, 2, 1, 5], "texture": "#1"},
				"west": {"uv": [0, 0, 1, 2], "texture": "#1"},
				"up": {"uv": [0, 1, 1, 2], "texture": "#1"},
				"down": {"uv": [0, 0, 1, 1], "texture": "#1"}
			}
		},
		{
			"from": [8, 0, 8],
			"to": [9, 4, 9],
			"rotation": {"angle": 0, "axis": "x", "origin": [8, 0, 8]},
			"faces": {
				"north": {"uv": [0, 0, 1, 4], "texture": "#1"},
				"east": {"uv": [0, 0, 1, 4], "texture": "#1"},
				"south": {"uv": [0, 0, 1, 4], "texture": "#1"},
				"west": {"uv": [0, 0, 1, 3], "texture": "#1"},
				"up": {"uv": [0, 0, 1, 1], "texture": "#1"},
				"down": {"uv": [0, 0, 1, 1], "texture": "#1"}
			}
		},
		{
			"from": [8, 0, 7],
			"to": [9, 8, 8],
			"rotation": {"angle": 0, "axis": "x", "origin": [8, 0, 7]},
			"faces": {
				"north": {"uv": [0, 0, 1, 6], "texture": "#1"},
				"east": {"uv": [0, 0, 1, 5], "texture": "#1"},
				"south": {"uv": [0, 0, 1, 6], "texture": "#1"},
				"west": {"uv": [0, 0, 1, 4], "texture": "#1"},
				"up": {"uv": [0, 0, 1, 1], "texture": "#1"},
				"down": {"uv": [0, 1, 1, 2], "texture": "#1"}
			}
		},
		{
			"from": [8, 8, 7],
			"to": [9, 8.72, 7],
			"rotation": {"angle": 45, "axis": "x", "origin": [8, 8, 7]},
			"faces": {
				"north": {"uv": [0, 0, 1, 0.72], "texture": "#1"},
				"east": {"uv": [0, 0, 0, 0.72], "texture": "#1"},
				"south": {"uv": [0, 0, 1, 0.72], "texture": "#1"},
				"west": {"uv": [0, 0, 0, 0.72], "texture": "#1"},
				"up": {"uv": [0, 0, 1, 0], "texture": "#1"},
				"down": {"uv": [0, 0, 1, 0], "texture": "#1"}
			}
		},
		{
			"from": [8, 8, 8],
			"to": [9, 8.72, 8],
			"rotation": {"angle": -45, "axis": "x", "origin": [8, 8, 8]},
			"faces": {
				"north": {"uv": [0, 0, 1, 0.72], "texture": "#1"},
				"east": {"uv": [0, 0, 0, 0.72], "texture": "#1"},
				"south": {"uv": [0, 1, 1, 1.72], "texture": "#1"},
				"west": {"uv": [0, 0, 0, 0.72], "texture": "#1"},
				"up": {"uv": [0, 0, 1, 0], "texture": "#1"},
				"down": {"uv": [0, 0, 1, 0], "texture": "#1"}
			}
		},
		{
			"from": [8, 8, 7],
			"to": [8, 8.7, 7.7],
			"rotation": {"angle": 45, "axis": "x", "origin": [8, 8, 7]},
			"faces": {
				"north": {"uv": [0, 0, 0, 0.7], "texture": "#1"},
				"east": {"uv": [0, 0, 0.7, 0.7], "texture": "#1"},
				"south": {"uv": [0, 0, 0, 0.7], "texture": "#1"},
				"west": {"uv": [0, 0, 0.7, 0.7], "texture": "#1"},
				"up": {"uv": [0, 0, 0, 0.7], "texture": "#1"},
				"down": {"uv": [0, 0, 0, 0.7], "texture": "#1"}
			}
		},
		{
			"from": [9, 8, 7],
			"to": [9, 8.7, 7.7],
			"rotation": {"angle": 45, "axis": "x", "origin": [9, 8, 7]},
			"faces": {
				"north": {"uv": [0, 0, 0, 0.7], "texture": "#1"},
				"east": {"uv": [0, 0, 1, 1], "texture": "#1"},
				"south": {"uv": [0, 0, 0, 0.7], "texture": "#1"},
				"west": {"uv": [0, 0, 0.7, 0.7], "texture": "#1"},
				"up": {"uv": [0, 0, 0, 0.7], "texture": "#1"},
				"down": {"uv": [0, 0, 0, 0.7], "texture": "#1"}
			}
		}
	],
	"display": {
		"thirdperson_righthand": {
			"translation": [-0.75, 6.75, 2]
		},
		"thirdperson_lefthand": {
			"translation": [1.25, 6.75, 2]
		},
		"firstperson_righthand": {
			"rotation": [-71, 0, 0],
			"translation": [-4, 5.25, 2.5]
		},
		"firstperson_lefthand": {
			"rotation": [-71, 0, 0],
			"translation": [-4, 5.25, 2.5]
		},
		"ground": {
			"translation": [0, 4.75, 0]
		},
		"gui": {
			"rotation": [65, -136, 12],
			"translation": [1.5, 6.75, 0],
			"scale": [2, 2, 2]
		},
		"fixed": {
			"rotation": [-90, 0, 0],
			"translation": [-1.75, 1.5, -9.75],
			"scale": [2, 2, 2]
		}
	},
	"groups": [
		{
			"name": "group",
			"origin": [8, 8, 8],
			"color": 0,
			"children": [
				{
					"name": "group",
					"origin": [8, 8, 8],
					"color": 0,
					"children": [0, 1, 2, 3]
				},
				{
					"name": "group",
					"origin": [8, 8, 8],
					"color": 0,
					"children": [4, 5, 6, 7]
				},
				{
					"name": "group",
					"origin": [9, 0, 6],
					"color": 0,
					"children": [8, 9, 10, 11]
				},
				{
					"name": "group",
					"origin": [0, 0, 0],
					"color": 0,
					"children": [12, 13, 14, 15]
				},
				{
					"name": "group",
					"origin": [8, 8, 8],
					"color": 0,
					"children": [16]
				},
				{
					"name": "group",
					"origin": [8, 8, 8],
					"color": 0,
					"children": [17]
				},
				{
					"name": "group",
					"origin": [8, 8, 8],
					"color": 0,
					"children": [18, 19, 20, 21, 22]
				}
			]
		}
	]
}