{
	"parent": "block/cube",
	"textures": {
		"0": "minecraft:block/iron_block",
		"1": "magforest:block/ruby_block",
		"particle": "minecraft:block/iron_block"
	},
	"elements": [
		{
			"from": [2, 0, 3],
			"to": [5, 1, 6],
			"rotation": {"angle": 0, "axis": "y", "origin": [8, 8, 8]},
			"faces": {
				"north": {"uv": [1, 3, 3, 4], "rotation": 180, "texture": "#0"},
				"east": {"uv": [1, 0, 3, 1], "rotation": 270, "texture": "#0"},
				"south": {"uv": [1, 3, 3, 4], "texture": "#0"},
				"west": {"uv": [1, 0, 3, 1], "rotation": 90, "texture": "#0"},
				"up": {"uv": [1, 1, 4, 4], "rotation": 180, "texture": "#0"},
				"down": {"uv": [1, 1, 4, 4], "texture": "#0"}
			}
		},
		{
			"from": [11, 0, 3],
			"to": [14, 1, 6],
			"rotation": {"angle": 0, "axis": "y", "origin": [8, 8, 8]},
			"faces": {
				"north": {"uv": [1, 3, 4, 4], "texture": "#0"},
				"east": {"uv": [1, 2, 4, 3], "texture": "#0"},
				"south": {"uv": [1, 3, 4, 4], "texture": "#0"},
				"west": {"uv": [1, 2, 4, 3], "texture": "#0"},
				"up": {"uv": [1, 1, 4, 4], "texture": "#0"},
				"down": {"uv": [1, 1, 4, 4], "texture": "#0"}
			}
		},
		{
			"from": [5, 0, 4],
			"to": [11, 1, 5],
			"rotation": {"angle": 0, "axis": "y", "origin": [8, 8, 8]},
			"faces": {
				"north": {"uv": [8, 0, 14, 1], "texture": "#0"},
				"east": {"uv": [0, 0, 1, 1], "texture": "#0"},
				"south": {"uv": [8, 0, 14, 1], "texture": "#0"},
				"west": {"uv": [0, 0, 1, 1], "texture": "#0"},
				"up": {"uv": [8, 0, 14, 1], "texture": "#0"},
				"down": {"uv": [8, 0, 14, 1], "texture": "#0"}
			}
		},
		{
			"from": [7, 0, 5],
			"to": [9, 1, 9],
			"rotation": {"angle": 0, "axis": "y", "origin": [8, 8, 8]},
			"faces": {
				"north": {"uv": [0, 0, 2, 1], "texture": "#0"},
				"east": {"uv": [11, 0, 15, 1], "texture": "#0"},
				"south": {"uv": [0, 0, 2, 1], "texture": "#0"},
				"west": {"uv": [11, 0, 15, 1], "texture": "#0"},
				"up": {"uv": [1, 3, 3, 7], "texture": "#0"},
				"down": {"uv": [1, 3, 3, 7], "texture": "#0"}
			}
		},
		{
			"from": [6, 0, 9],
			"to": [10, 1, 13],
			"rotation": {"angle": 0, "axis": "y", "origin": [8, 8, 8]},
			"faces": {
				"north": {"uv": [1, 3, 5, 4], "texture": "#0"},
				"east": {"uv": [1, 2, 5, 3], "texture": "#0"},
				"south": {"uv": [1, 3, 5, 4], "texture": "#0"},
				"west": {"uv": [1, 2, 5, 3], "texture": "#0"},
				"up": {"uv": [1, 1, 5, 5], "texture": "#0"},
				"down": {"uv": [1, 1, 5, 5], "texture": "#0"}
			}
		},
		{
			"from": [7, 1, 5],
			"to": [9, 8, 7],
			"rotation": {"angle": 0, "axis": "y", "origin": [8, 8, 8]},
			"faces": {
				"north": {"uv": [2, 2, 4, 9], "texture": "#1"},
				"east": {"uv": [12, 2, 14, 9], "texture": "#1"},
				"south": {"uv": [2, 2, 4, 9], "texture": "#1"},
				"west": {"uv": [12, 2, 14, 9], "texture": "#1"},
				"up": {"uv": [13, 5, 15, 7], "texture": "#1"},
				"down": {"uv": [11, 7, 13, 9], "texture": "#1"}
			}
		}
	],
	"display": {
		"thirdperson_righthand": {
			"translation": [0, 2.5, 1.5]
		},
		"thirdperson_lefthand": {
			"translation": [0, 2.5, 1.5]
		},
		"firstperson_righthand": {
			"rotation": [-55, 0, 0],
			"translation": [-3.25, 3.25, 0.75]
		},
		"firstperson_lefthand": {
			"rotation": [-55, 1, 1],
			"translation": [-3.25, 3.25, 0.75]
		},
		"ground": {
			"translation": [0, 3, 0],
			"scale": [0.25, 0.25, 0.25]
		},
		"gui": {
			"rotation": [12, 89, 0],
			"translation": [0.5, 4.75, 0]
		},
		"fixed": {
			"rotation": [0, -180, 0],
			"translation": [-0.5, 3.5, -4.75]
		}
	},
	"groups": [
		{
			"name": "VoxelShapes",
			"origin": [8, 8, 8],
			"color": 0,
			"children": [0, 1, 2, 3, 4, 5]
		}
	]
}